date,ret_eom,gvkey,iid,excntry,stock_ret,year,month,char_date,char_eom,me,prc,market_equity,div12m_me,chcsho_12m,eqnpo_12m,ret_1_0,ret_3_1,ret_6_1,ret_9_1,ret_12_1,ret_12_7,ret_60_12,seas_1_1an,seas_1_1na,seas_2_5an,seas_2_5na,at_gr1,sale_gr1,capx_gr1,inv_gr1,debt_gr3,sale_gr3,capx_gr3,inv_gr1a,lti_gr1a,sti_gr1a,coa_gr1a,col_gr1a,cowc_gr1a,ncoa_gr1a,ncol_gr1a,nncoa_gr1a,fnl_gr1a,nfna_gr1a,tax_gr1a,be_gr1a,ebit_sale,gp_at,cop_at,ope_be,ni_be,ebit_bev,netis_at,eqnetis_at,dbnetis_at,oaccruals_at,oaccruals_ni,taccruals_at,taccruals_ni,noa_at,opex_at,at_turnover,sale_bev,rd_sale,cash_at,sale_emp_gr1,emp_gr1,ni_inc8q,noa_gr1a,ppeinv_gr1a,lnoa_gr1a,capx_gr2,saleq_gr1,niq_be,niq_at,niq_be_chg1,niq_at_chg1,rd5_at,dsale_dinv,dsale_drec,dgp_dsale,dsale_dsga,saleq_su,niq_su,capex_abn,op_atl1,gp_atl1,ope_bel1,cop_atl1,pi_nix,ocf_at,op_at,ocf_at_chg1,at_be,ocfq_saleq_std,tangibility,earnings_variability,aliq_at,f_score,o_score,z_score,intrinsic_value,kz_index,ni_ar1,ni_ivol,at_me,be_me,debt_me,netdebt_me,sale_me,ni_me,ocf_me,fcf_me,eqpo_me,eqnpo_me,rd_me,bev_mev,ebitda_mev,aliq_mat,eq_dur,beta_60m,resff3_12_1,resff3_6_1,mispricing_mgmt,mispricing_perf,zero_trades_21d,dolvol_126d,dolvol_var_126d,turnover_126d,turnover_var_126d,zero_trades_126d,zero_trades_252d,bidaskhl_21d,ivol_capm_21d,iskew_capm_21d,coskew_21d,beta_dimson_21d,ivol_ff3_21d,iskew_ff3_21d,ivol_hxz4_21d,iskew_hxz4_21d,rmax5_21d,rmax1_21d,rvol_21d,rskew_21d,ami_126d,ivol_capm_252d,betadown_252d,prc_highprc_252d,corr_1260d,betabab_1260d,rmax5_rvol_21d,age,qmj,qmj_prof,qmj_growth,qmj_safety
20220429,20220430,66246.0,1.0,USA,-0.118547,2022,4,20220331,20220331,118.29214043,10.460000038,118.29214043,,,,,,,,,,,,,,,0.0857687853,0.2397540984,1.6675191816,0.1636363636,3.1739130435,0.9685466377,4.3855421687,0.0022587527,0.0,0.0,0.0092859832,0.0101016439,-0.000815661,0.2372317731,-2.78635e-17,0.2372317731,0.1015811269,-0.101581127,0.0,-0.029175555,-0.303443526,0.0858953445,-0.031810767,-0.203434117,-0.286425283,-0.151983443,0.0001882294,0.0117957084,-0.011607479,-0.058978542,-0.408340573,-0.160559669,-1.11164205,0.9874650862,0.5463044297,0.4742463337,0.5008623663,,0.0301794454,-0.282099937,0.2545454545,0.0,0.2566932352,0.297022958,0.1182349675,11.318897638,0.3489717224,-0.027498744,-0.013573819,-0.029308044,-0.014437452,,-0.046685025,0.388605083,0.1155355302,-1.227985496,0.6353147453,-0.226015052,2.2035828717,-0.098576197,0.0932624838,-0.192307692,-0.034539138,,-0.085456143,-0.090789309,-0.09819543,1.983078263,0.4238033916,0.6092114443,1.954788943,0.5729273111,2.0,0.6692202889,4.1986382285,,2.0675910558,-0.042166862,0.0876024639,0.1347342261,0.0679419611,0.0340851048,0.0300189006,0.0613734773,-0.019460295,-0.011513867,-0.037965329,0.0,-0.001589286,,0.118964432,-0.011875925,0.1825357361,19.481400395,,,,,,0.00375386,,,,,,,0.0250965,,,,,,,,,,,,,,,,,,,,291,,,,
20220531,20220531,66246.0,01,USA,-0.206074,2022,5,20220429,20220430,104.26898302,9.220000267,104.26898302,,,,,,,,,,,,,,,0.2215556616,0.3444933921,0.9475015813,-0.46898263,3.393629124,1.1019283747,3.4494219653,-0.010547464,0.0,0.0,0.0035716279,-0.00050226,0.0040738881,0.2092192645,-5.5807e-05,0.2092750712,0.081477761,-0.081477761,0.0,0.1037446286,-0.401048493,0.0732183716,-0.023829455,-0.245084546,-0.310656705,-0.204695966,0.2308164518,0.1505664379,0.080250014,-0.100954294,-0.572468354,-0.182432055,-1.034493671,0.9894334992,0.5505887605,0.468270529,0.5104020336,,0.1103298175,0.0968235567,0.2028985507,0.0,0.260617629,0.2750017043,0.1121578495,31.410526316,0.2654232425,-0.147443076,-0.074350609,-0.108981537,-0.052073887,,0.6122398836,-0.134307711,0.0308149977,-2.014389962,0.3690054946,-1.214024272,1.4974192857,-0.152430295,0.0894403163,-0.299891736,-0.029109005,,-0.075394832,-0.124783749,-0.042536423,1.7616004719,0.4187192572,0.6437300073,1.4237812339,0.6945258709,2.0,0.923984515,8.8936872589,,2.2424520027,-0.042461613,0.0931214362,0.171853599,0.0975553775,0.0370388191,0.0180782429,0.0731761237,-0.030306232,-0.012956873,-0.042486268,0.0,-0.025875384,,0.1408237315,-0.021063741,0.2235960803,19.803118242,,,,0.3279097579,0.2677337349,0.00601669,,,,,,,0.02651271,0.03412314,-0.26016462,0.37313099,0.27211173,0.03372706,-0.58332625,0.03233428,0.95550268,0.03365572,0.0821613,0.03588636,-0.20148377,,,,,,,,292,-0.429522204,-0.873123222,0.8823990432,-0.347181679
20220630,20220630,66246.0,01,USA,0.075137,2022,6,20220531,20220531,86.214962022,7.3200001717,86.214962022,,,,-0.206073761,,,,,,,,,,,0.2215556616,0.3444933921,0.9475015813,-0.46898263,3.393629124,1.1019283747,3.4494219653,-0.010547464,0.0,0.0,0.0035716279,-0.00050226,0.0040738881,0.2092192645,-5.5807e-05,0.2092750712,0.081477761,-0.081477761,0.0,0.1037446286,-0.401048493,0.0732183716,-0.023829455,-0.245084546,-0.310656705,-0.204695966,0.2308164518,0.1505664379,0.080250014,-0.100954294,-0.572468354,-0.182432055,-1.034493671,0.9894334992,0.5505887605,0.468270529,0.5104020336,,0.1103298175,0.0968235567,0.2028985507,0.0,0.260617629,0.2750017043,0.1121578495,31.410526316,0.2654232425,-0.147443076,-0.074350609,-0.108981537,-0.052073887,,0.6122398836,-0.134307711,0.0308149977,-2.014389962,0.3690054946,-1.214024272,1.4974192857,-0.152430295,0.0894403163,-0.299891736,-0.029109005,,-0.075394832,-0.124783749,-0.042536423,1.7616004719,0.4187192572,0.6437300073,1.4237812339,0.6945258709,2.0,0.923984515,8.8936872589,,2.2424520027,-0.042461613,0.0931214362,0.2078409545,0.1179841615,0.044795009,0.0218639544,0.08849972,-0.036652571,-0.015670134,-0.051383193,0.0,-0.031293872,,0.1696822525,-0.025380261,0.1888603808,19.901494514,,,,0.3286432038,0.2688607311,0.00598658,,,,,,,0.02925237,0.05399315,-0.13285598,0.05276871,1.2432956,0.05390754,0.39330142,0.05814591,-0.20754055,0.05630333,0.10574023,0.05424799,-0.14002196,,,,,,,,293,-0.430026412,-0.870173481,0.8793684312,-0.340713232
20220729,20220731,66246.0,1,USA,-0.11817,2022,7,20220630,20220630,92.692858652,7.8699998856,92.692858652,,,,0.0751365721,,,,,,,,,,,0.2215556616,0.3444933921,0.9475015813,-0.46898263,3.393629124,1.1019283747,3.4494219653,-0.010547464,0.0,0.0,0.0035716279,-0.00050226,0.0040738881,0.2092192645,-5.5807e-05,0.2092750712,0.081477761,-0.081477761,0.0,0.1037446286,-0.401048493,0.0732183716,-0.023829455,-0.245084546,-0.310656705,-0.204695966,0.2308164518,0.1505664379,0.080250014,-0.100954294,-0.572468354,-0.182432055,-1.034493671,0.9894334992,0.5505887605,0.468270529,0.5104020336,,0.1103298175,0.0968235567,0.2028985507,0.0,0.260617629,0.2750017043,0.1121578495,31.410526316,0.2654232425,-0.147443076,-0.074350609,-0.108981537,-0.052073887,,0.6122398836,-0.134307711,0.0308149977,-2.014389962,0.3690054946,-1.214024272,1.4974192857,-0.152430295,0.0894403163,-0.299891736,-0.029109005,,-0.075394832,-0.124783749,-0.042536423,1.7616004719,0.4187192572,0.6437300073,1.4237812339,0.6945258709,2.0,0.923984515,8.8936872589,,2.2424520027,-0.042461613,0.0931214362,0.1933158634,0.1097387668,0.0416644826,0.0203359787,0.0823148634,-0.034091084,-0.014575017,-0.047792247,0.0,-0.029106881,,0.1580602502,-0.023641897,0.1976546457,19.861788225,,,,0.3285779983,0.2685197778,0.00295982,329369.97426516,1.61381951,0.00334506,1.71295627,0.00446926,,0.02373801,0.05141432,-0.409104,0.0421462,2.7352504,0.05318692,-0.37297624,0.05360351,-0.15510686,0.0703777,0.11250006,0.05760871,-0.42805887,0.27111329,,,,,,,294,-0.433331333,-0.871089885,0.8778782996,-0.349530976
20220831,20220831,66246.0,01,USA,-0.224784,2022,8,20220729,20220731,81.739320674,6.9400000572,81.739320674,,,,-0.118170246,-0.146420865,,,,,,,,,,0.2972852692,0.3797986692,2.0163304515,0.9803921569,1.4866242038,1.2011431682,4.8364312268,0.0147022789,0.0,0.0,0.0538103406,0.0119088459,0.0419014947,0.1607939231,1.0881870000000001e-17,0.1607939231,-0.131879441,0.1318794413,0.0,0.3520705709,-0.229875108,0.085077187,-0.024405783,-0.086674039,-0.136162566,-0.117006546,0.2420975251,0.2679245283,-0.025827003,-0.024013722,-0.248730964,0.1078657192,1.1172588832,1.0101087164,0.4447439353,0.4476116677,0.5090005035,,0.1670668954,0.0968235567,0.2028985507,1.0,0.2629537796,0.2527814864,0.0973598273,2.9397741531,0.2879647133,-0.044828942,-0.025447849,0.1531741854,0.0867615726,,-0.986842247,-2.826988767,0.5008429965,-0.271719195,0.6617325993,2.6483115153,1.5939976927,-0.062813911,0.1103693814,-0.172158155,-0.031661263,,-0.072531242,-0.048419505,0.0053503776,1.4103538844,0.4152837458,0.6705195785,1.1756018627,0.7842361244,6.0,-0.493738135,22.517075933,,1.801007519,0.1457301858,0.0851598806,0.2496350573,0.1770017157,0.0238807955,-0.017824959,0.0989364719,-0.024101008,-0.018106341,-0.056521145,0.0,-0.066883355,,0.1979016036,-0.01230657,0.2334145439,19.833258663,,,,0.2182900704,0.3529366829,0.00646633,276445.74295434,1.75308702,0.00283728,1.83281564,0.00472493,,0.02181591,0.04832602,0.46988651,0.06697637,-1.35890987,0.05098676,0.39785433,0.05231188,0.31974773,0.05754722,0.11314989,0.048555,0.50863627,0.34876361,,,,,,,295,0.053862087,-0.902413031,1.1228962711,0.2736263004
20220930,20220930,66246.0,1,USA,-0.1171,2022,9,20220831,20220831,64.484681372,5.3800001144,64.484681372,,,,-0.224783853,-0.051912582,,,,,,,,,,0.2972852692,0.3797986692,2.0163304515,0.9803921569,1.4866242038,1.2011431682,4.8364312268,0.0147022789,0.0,0.0,0.0538103406,0.0119088459,0.0419014947,0.1607939231,1.0881870000000001e-17,0.1607939231,-0.131879441,0.1318794413,0.0,0.3520705709,-0.229875108,0.085077187,-0.024405783,-0.086674039,-0.136162566,-0.117006546,0.2420975251,0.2679245283,-0.025827003,-0.024013722,-0.248730964,0.1078657192,1.1172588832,1.0101087164,0.4447439353,0.4476116677,0.5090005035,,0.1670668954,0.0968235567,0.2028985507,1.0,0.2629537796,0.2527814864,0.0973598273,2.9397741531,0.2879647133,-0.044828942,-0.025447849,0.1531741854,0.0867615726,,-0.986842247,-2.826988767,0.5008429965,-0.271719195,0.6617325993,2.6483115153,1.5939976927,-0.062813911,0.1103693814,-0.172158155,-0.031661263,,-0.072531242,-0.048419505,0.0053503776,1.4103538844,0.4152837458,0.6705195785,1.1756018627,0.7842361244,6.0,-0.493738135,22.517075933,,1.801007519,0.1457301858,0.0851598806,0.3164317411,0.2243633634,0.0302707551,-0.022594513,0.1254096295,-0.030549891,-0.022951187,-0.071644923,0.0,-0.084779825,,0.2520797157,-0.015675652,0.2388353189,19.967027351,,,,0.2194452876,0.3542061592,0.00615107,238309.13060884,1.85978612,0.00251107,1.88702133,0.00492101,0.00514809,0.01846379,0.04028757,-1.50948579,0.67649527,-1.17538608,0.03920716,-0.37117581,0.04127297,-0.61706815,0.03475013,0.06984673,0.04047646,-1.39782648,0.39728989,,,,,,,296,0.0658359334,-0.893461094,1.1264116735,0.2688709997
20221031,20221031,66246.0,01,USA,0.216842,2022,10,20220930,20220930,56.9335,4.75,56.9335,,,,-0.117100388,-0.316391336,,,,,,,,,,0.2972852692,0.3797986692,2.0163304515,0.9803921569,1.4866242038,1.2011431682,4.8364312268,0.0147022789,0.0,0.0,0.0538103406,0.0119088459,0.0419014947,0.1607939231,1.0881870000000001e-17,0.1607939231,-0.131879441,0.1318794413,0.0,0.3520705709,-0.229875108,0.085077187,-0.024405783,-0.086674039,-0.136162566,-0.117006546,0.2420975251,0.2679245283,-0.025827003,-0.024013722,-0.248730964,0.1078657192,1.1172588832,1.0101087164,0.4447439353,0.4476116677,0.5090005035,,0.1670668954,0.0968235567,0.2028985507,1.0,0.2629537796,0.2527814864,0.0973598273,2.9397741531,0.2879647133,-0.044828942,-0.025447849,0.1531741854,0.0867615726,,-0.986842247,-2.826988767,0.5008429965,-0.271719195,0.6617325993,2.6483115153,1.5939976927,-0.062813911,0.1103693814,-0.172158155,-0.031661263,,-0.072531242,-0.048419505,0.0053503776,1.4103538844,0.4152837458,0.6705195785,1.1756018627,0.7842361244,6.0,-0.493738135,22.517075933,,1.801007519,0.1457301858,0.0851598806,0.3584005902,0.2541210359,0.0342856139,-0.02559126,0.1420429097,-0.034601772,-0.02599524,-0.081147303,0.0,-0.096024309,,0.2863915352,-0.017809343,0.2330342358,20.051075205,,,,0.2194595008,0.3546843066,0.00652765,173014.10016511,2.09969996,0.00202798,2.12710176,0.00531589,0.00534107,0.01932022,0.04316675,1.73436792,-0.00916094,0.37895028,0.04266878,1.20102497,0.04165481,0.68974144,0.04926826,0.13725495,0.04316683,1.73620984,0.46917451,0.04791571,0.26008417,0.43142597,,,1.0175860612,297,0.0702846225,-0.892162253,1.1214531685,0.2744388506
20221130,20221130,66246.0,01,USA,-0.046713,2022,11,20221031,20221031,69.279082515,5.7800002098,69.279082515,,,,0.2168421447,-0.315561964,-0.484815634,,,,,,,,,0.3128796331,0.2306089028,-0.55169113,1.1972789116,0.5998481397,0.7471993236,4.7818930041,0.0166178831,0.0,0.0,0.0532055519,0.0068454348,0.0463601171,0.0841280332,0.0036351619,0.0804928713,-0.102681522,0.102681522,0.0,0.3333962799,-0.317203,0.0675101501,-0.061703333,-0.127978171,-0.178224411,-0.155497568,0.2876498914,0.3207440279,-0.033094137,-0.018647909,-0.147498133,0.0840336134,0.6646751307,1.0451221024,0.4705882353,0.4430271197,0.4902146839,,0.1479086016,0.0968235567,0.2028985507,0.0,0.1665427048,0.1477005082,0.0518008361,0.7496886675,0.0821100917,-0.056538568,-0.040088214,-0.041436975,-0.033094762,,-0.986112579,-1.000292037,-0.00832171,-0.519090303,-0.083789296,-0.681340058,-0.213627581,-0.105491509,0.0886327011,-0.241461577,-0.081009049,,-0.107780191,-0.080351242,-0.052121334,1.4096898709,0.2380600549,0.6526955434,3.2541324863,0.7836866245,5.0,-0.023339023,16.070461964,,1.5351481265,-0.430556087,0.1100469963,0.3057488528,0.2168908631,0.0304132203,-0.014809665,0.1193145131,-0.038655246,-0.03295367,-0.053233961,0.0,-0.098067119,,0.247051113,-0.024936603,0.1554544385,20.072092325,,,,0.212461461,0.3218406749,0.00589745,160368.32130085,2.26676345,0.00199392,2.16488584,0.00531904,0.00543514,0.02553519,0.04716015,2.67962716,-0.21066326,0.22436302,0.04802523,2.58499807,0.04758734,2.47178124,0.06879013,0.18478259,0.04763456,2.6906873,0.48934127,0.0481392,0.43527914,0.5249773,,,1.4195110959,298,-0.940130091,-1.006424392,-0.520679448,0.2477771951
20221230,20221231,66246.0,1,USA,0.034483,2022,12,20221130,20221130,66.659982769,5.5100002289,66.659982769,,,,-0.046712797,0.0743494577,-0.210382504,,,,,,,,,0.3128796331,0.2306089028,-0.55169113,1.1972789116,0.5998481397,0.7471993236,4.7818930041,0.0166178831,0.0,0.0,0.0532055519,0.0068454348,0.0463601171,0.0841280332,0.0036351619,0.0804928713,-0.102681522,0.102681522,0.0,0.3333962799,-0.317203,0.0675101501,-0.061703333,-0.127978171,-0.178224411,-0.155497568,0.2876498914,0.3207440279,-0.033094137,-0.018647909,-0.147498133,0.0840336134,0.6646751307,1.0451221024,0.4705882353,0.4430271197,0.4902146839,,0.1479086016,0.0968235567,0.2028985507,0.0,0.1665427048,0.1477005082,0.0518008361,0.7496886675,0.0821100917,-0.056538568,-0.040088214,-0.041436975,-0.033094762,,-0.986112579,-1.000292037,-0.00832171,-0.519090303,-0.083789296,-0.681340058,-0.213627581,-0.105491509,0.0886327011,-0.241461577,-0.081009049,,-0.107780191,-0.080351242,-0.052121334,1.4096898709,0.2380600549,0.6526955434,3.2541324863,0.7836866245,5.0,-0.023339023,16.070461964,,1.5351481265,-0.430556087,0.1100469963,0.3177618583,0.2254125995,0.031608169,-0.015391543,0.1240024323,-0.040174028,-0.034248434,-0.055325547,0.0,-0.101920218,,0.256909596,-0.025931689,0.1668924854,20.101118487,,,,0.211486412,0.3214917529,0.00674742,150557.8352189,2.41486394,0.00189463,2.27454347,0.00540737,0.00556027,0.02929811,0.03809324,0.22614899,-0.11887432,-0.64127703,0.03788185,0.12166861,0.03612094,0.0386101,0.04772164,0.07400719,0.03934919,0.14674853,0.55247521,0.04701351,0.50355899,0.50045414,,,1.0066547295,299,-0.929900805,-1.008738077,-0.513604977,0.2508296886
20230131,20230131,66246.0,01,USA,0.0,2023,1,20221230,20221231,68.958597692,5.6999998093,68.958597692,,,,0.0344826803,0.1600000445,-0.299872897,,,,,,,,,0.3128796331,0.2306089028,-0.55169113,1.1972789116,0.5998481397,0.7471993236,4.7818930041,0.0166178831,0.0,0.0,0.0532055519,0.0068454348,0.0463601171,0.0841280332,0.0036351619,0.0804928713,-0.102681522,0.102681522,0.0,0.3333962799,-0.317203,0.0675101501,-0.061703333,-0.127978171,-0.178224411,-0.155497568,0.2876498914,0.3207440279,-0.033094137,-0.018647909,-0.147498133,0.0840336134,0.6646751307,1.0451221024,0.4705882353,0.4430271197,0.4902146839,,0.1479086016,0.0968235567,0.2028985507,0.0,0.1665427048,0.1477005082,0.0518008361,0.7496886675,0.0821100917,-0.056538568,-0.040088214,-0.041436975,-0.033094762,,-0.986112579,-1.000292037,-0.00832171,-0.519090303,-0.083789296,-0.681340058,-0.213627581,-0.105491509,0.0886327011,-0.241461577,-0.081009049,,-0.107780191,-0.080351242,-0.052121334,1.4096898709,0.2380600549,0.6526955434,3.2541324863,0.7836866245,5.0,-0.023339023,16.070461964,,1.5351481265,-0.430556087,0.1100469963,0.3071698194,0.2178988625,0.0305545656,-0.014878493,0.1198690269,-0.038834896,-0.033106822,-0.053481366,0.0,-0.098522885,,0.2482166231,-0.025054246,0.14166769,20.075525705,,,,0.2110825718,0.3212446179,0.00677274,69292.12037778,0.81089189,0.0010047,0.82824709,0.00657452,0.00568865,0.01945546,0.02364764,0.88148877,-0.06475928,1.95788712,0.02417684,0.74195216,0.02469822,0.75242625,0.0364652,0.06896545,0.02643926,0.69251972,0.59431109,0.04521879,0.53729403,0.51771114,,,0.7985462097,300,-0.92588171,-1.005935444,-0.519015381,0.2531643687
20230228,20230228,66246.0,1,USA,-0.078947,2023,2,20230131,20230131,68.958597692,5.6999998093,68.958597692,0.0,,,,-0.013840899,-0.178674388,-0.381778784,,,,,,,,0.30493161,0.0898071625,-0.368168744,1.375,0.5988181221,0.4253287696,6.7834645669,0.0169247043,0.0,0.0,0.0237042023,0.0105779402,0.0131262621,0.1246754496,0.0042311761,0.1204442735,-0.076786229,0.0767862294,0.0,0.2984421579,-0.538169869,0.0458697952,-0.074718723,-0.24564729,-0.305672564,-0.246511897,0.3241177036,0.3538320992,-0.029714396,-0.084286951,-0.402618282,-0.007500721,-0.035829123,1.0837620781,0.539426868,0.4307491289,0.4580559254,,0.1084238869,0.0968235567,0.2028985507,0.0,0.1743004141,0.1956330782,0.0734973868,0.6854219949,-0.168651739,-0.126114734,-0.089462751,-0.09861599,-0.075888932,,-1.348156463,-0.487051314,-0.311531052,-1.106781085,-1.633083719,-1.769342541,0.107175961,-0.20749153,0.0598569457,-0.435361453,-0.097502823,,-0.125060102,-0.159005674,-0.039603959,1.4601235608,0.236014148,0.6400192807,2.1038767974,0.7435217719,4.0,0.9754768636,7.8904154246,,1.3540700538,0.678182278,0.1000970389,0.3016012607,0.2065587248,0.0353110429,0.0026102619,0.1147355118,-0.063139335,-0.037718284,-0.066387661,0.0,-0.106716207,,0.2498315062,-0.047831459,0.116609003,20.706228841,,,,0.2587961928,0.2571820978,0.00748007,63285.10822418,0.88501247,0.00094468,0.88691313,0.00670609,0.00579911,0.01521559,0.01600992,0.36222165,-0.22045541,0.72178073,0.01662315,0.51820954,0.0172402,0.52462784,0.02128348,0.03260867,0.01601227,0.32940341,0.56458202,0.04340766,0.53862168,0.51771114,,,0.4857390082,301,-1.325573171,-0.947644774,-1.566681774,0.0428807801
20230331,20230331,66246.0,01,USA,-0.072381,2023,3,20230228,20230228,63.5145,5.25,63.5145,0.0,,,,,,,,,,,,,,0.30493161,0.0898071625,-0.368168744,1.375,0.5988181221,0.4253287696,6.7834645669,0.0169247043,0.0,0.0,0.0237042023,0.0105779402,0.0131262621,0.1246754496,0.0042311761,0.1204442735,-0.076786229,0.0767862294,0.0,0.2984421579,-0.538169869,0.0458697952,-0.074718723,-0.24564729,-0.305672564,-0.246511897,0.3241177036,0.3538320992,-0.029714396,-0.084286951,-0.402618282,-0.007500721,-0.035829123,1.0837620781,0.539426868,0.4307491289,0.4580559254,,0.1084238869,0.0968235567,0.2028985507,0.0,0.1743004141,0.1956330782,0.0734973868,0.6854219949,-0.168651739,-0.126114734,-0.089462751,-0.09861599,-0.075888932,,-1.348156463,-0.487051314,-0.311531052,-1.106781085,-1.633083719,-1.769342541,0.107175961,-0.20749153,0.0598569457,-0.435361453,-0.097502823,,-0.125060102,-0.159005674,-0.039603959,1.4601235608,0.236014148,0.6400192807,2.1038767974,0.7435217719,4.0,0.9754768636,7.8904154246,,1.3540700538,0.678182278,0.1000970389,0.3274527864,0.2242637508,0.0383377024,0.0028339985,0.1245699801,-0.068551276,-0.040951279,-0.072078029,0.0,-0.115863307,,0.2711851102,-0.05191971,0.1172376233,20.823905549,,,,0.2587031946,0.2573359997,0.00694952,58542.14553834,0.87484895,0.00088018,0.86504093,0.00683847,0.00586728,0.01254084,0.01729242,-0.08579067,0.64179111,0.14202586,0.01741296,-0.09930057,0.01778858,-0.05643626,0.01714338,0.02996252,0.01748428,0.26723252,0.52450747,0.04196456,0.45225723,0.47683923,,,0.4050158046,302,-1.327125076,-0.947276792,-1.571290831,0.039629945
20230428,20230430,66246.0,01,USA,0.285421,2023,4,20230331,20230331,58.917258615,4.8699998856,58.917258615,0.0,0.0697674419,-0.067441283,-0.072380975,-0.078947335,0.1052631561,-0.332909774,,,,-0.118546821,,,,0.30493161,0.0898071625,-0.368168744,1.375,0.5988181221,0.4253287696,6.7834645669,0.0169247043,0.0,0.0,0.0237042023,0.0105779402,0.0131262621,0.1246754496,0.0042311761,0.1204442735,-0.076786229,0.0767862294,0.0,0.2984421579,-0.538169869,0.0458697952,-0.074718723,-0.24564729,-0.305672564,-0.246511897,0.3241177036,0.3538320992,-0.029714396,-0.084286951,-0.402618282,-0.007500721,-0.035829123,1.0837620781,0.539426868,0.4307491289,0.4580559254,,0.1084238869,0.0968235567,0.2028985507,0.0,0.1743004141,0.1956330782,0.0734973868,0.6854219949,-0.168651739,-0.126114734,-0.089462751,-0.09861599,-0.075888932,,-1.348156463,-0.487051314,-0.311531052,-1.106781085,-1.633083719,-1.769342541,0.107175961,-0.20749153,0.0598569457,-0.435361453,-0.097502823,,-0.125060102,-0.159005674,-0.039603959,1.4601235608,0.236014148,0.6400192807,2.1038767974,0.7435217719,4.0,0.9754768636,7.8904154246,,1.3540700538,0.678182278,0.1000970389,0.3530035254,0.241762776,0.0413291463,0.003055132,0.1342900228,-0.073900248,-0.044146657,-0.07770219,0.0,-0.124903978,,0.2922809011,-0.055958602,0.0939056589,20.940213069,,,,0.2439911958,0.2556512086,0.00670082,56873.20360714,0.81736555,0.00086299,0.8199623,0.00688012,0.00613899,0.01559576,0.01763479,0.4280161,0.05405455,-0.01798491,0.01660722,-0.1939214,0.0166027,0.13110139,0.02274921,0.02822578,0.0176356,0.42926735,0.50594242,0.03881605,0.4267052,0.46052009,,,0.5808489943,303,-1.329943964,-0.950448973,-1.573484658,0.0339069861
20230531,20230531,66246.0,01,USA,-0.249201,2023,5,20230428,20230430,76.728822805,6.2600002289,76.728822805,0.0,0.0838270404,-0.080498344,0.2854210138,,-0.157439496,-0.298270916,-0.471800464,-0.484815634,,-0.206073761,,,,0.1710474915,0.255570118,-0.328353361,1.8878504673,0.5804638089,0.5653594771,20.768421053,0.019252764,0.0,0.0,0.0363133816,-0.002954632,0.0392680137,0.1259054518,0.0042889821,0.1216164697,-0.07686809,0.07686809,0.0,0.2242184522,-0.259185804,0.1215688143,-0.036599314,-0.110035625,-0.170397258,-0.135497954,0.1907167366,0.2245043843,-0.033787648,-0.034216546,-0.283234714,0.042651544,0.3530571992,0.9983816061,0.5273541746,0.4925070046,0.5227830832,,0.0780594739,0.1927916121,0.0512820513,1.0,0.1884033707,0.1907472515,0.0700203069,0.3080328906,0.9455782313,0.0445099691,0.0304837004,0.1919530449,0.104834309,,-0.563181363,-1.238353969,1.1563775313,-0.314775777,3.6095575289,2.4542824906,-0.071744499,-0.082928735,0.1423628551,-0.16093197,-0.042859535,,-0.086589783,-0.07081586,-0.01119495,1.4104994286,0.2283811258,0.6379611132,1.7609685594,0.6552541995,6.0,-0.329086335,11.749198463,,1.3811148667,0.4329009379,0.0865656584,0.2734826266,0.1938906327,0.0293110192,0.0079631093,0.1248552975,-0.033038432,-0.023680801,-0.050632863,0.0,-0.061398049,,0.2369413238,-0.019213905,0.1048198631,19.688859822,,,,0.2034567075,0.4735873746,0.00496899,65510.25139193,1.11450848,0.00100775,1.24282002,0.00663434,0.00605072,0.01612288,0.03808165,0.15623574,0.2258768,-0.32160767,0.04008609,0.43419186,0.03704307,0.35233113,0.0608719,0.08414869,0.03808688,0.15143218,0.51534213,0.03928842,0.56595172,0.69171272,,,1.5394275224,304,-1.132601018,-0.838393182,-1.317433468,0.3228340538
20230630,20230630,66246.0,01,USA,0.13617,2023,6,20230531,20230531,57.607897662,4.6999998093,57.607897662,0.0,0.040669044,-0.039863832,-0.249201342,0.1923809877,0.1361161407,0.1635687846,-0.144808737,-0.210382504,,0.0751365721,,,,0.1710474915,0.255570118,-0.328353361,1.8878504673,0.5804638089,0.5653594771,20.768421053,0.019252764,0.0,0.0,0.0363133816,-0.002954632,0.0392680137,0.1259054518,0.0042889821,0.1216164697,-0.07686809,0.07686809,0.0,0.2242184522,-0.259185804,0.1215688143,-0.036599314,-0.110035625,-0.170397258,-0.135497954,0.1907167366,0.2245043843,-0.033787648,-0.034216546,-0.283234714,0.042651544,0.3530571992,0.9983816061,0.5273541746,0.4925070046,0.5227830832,,0.0780594739,0.1927916121,0.0512820513,1.0,0.1884033707,0.1907472515,0.0700203069,0.3080328906,0.9455782313,0.0445099691,0.0304837004,0.1919530449,0.104834309,,-0.563181363,-1.238353969,1.1563775313,-0.314775777,3.6095575289,2.4542824906,-0.071744499,-0.082928735,0.1423628551,-0.16093197,-0.042859535,,-0.086589783,-0.07081586,-0.01119495,1.4104994286,0.2283811258,0.6379611132,1.7609685594,0.6552541995,6.0,-0.329086335,11.749198463,,1.3811148667,0.4329009379,0.0865656584,0.3642556117,0.2582458413,0.0390397861,0.0106061847,0.1662966431,-0.044004383,-0.031540814,-0.06743867,0.0,-0.081776982,,0.3147603396,-0.025524358,0.1249601408,19.806864395,,,,0.2250427658,0.5352619686,0.00612853,69990.2332676,1.0826911,0.00107944,1.19268084,0.00652672,0.00606093,0.02618558,0.04187745,-0.92614657,0.28431288,0.31015705,0.04402305,-0.92712314,0.04381281,-0.49894699,0.03655942,0.05351174,0.04202012,-0.87456272,0.44438489,0.03820106,0.21357128,0.5222222,,,0.9518557289,305,-1.141103989,-0.846887236,-1.323398625,0.3138107631
20230731,20230731,66246.0,1,USA,0.001873,2023,7,20230630,20230630,65.45238187,5.3400001526,65.45238187,0.0,0.040669044,-0.039863828,0.1361702979,-0.034907628,-0.175438613,-0.010526373,-0.40279545,-0.299872897,,-0.118170246,,,,0.1710474915,0.255570118,-0.328353361,1.8878504673,0.5804638089,0.5653594771,20.768421053,0.019252764,0.0,0.0,0.0363133816,-0.002954632,0.0392680137,0.1259054518,0.0042889821,0.1216164697,-0.07686809,0.07686809,0.0,0.2242184522,-0.259185804,0.1215688143,-0.036599314,-0.110035625,-0.170397258,-0.135497954,0.1907167366,0.2245043843,-0.033787648,-0.034216546,-0.283234714,0.042651544,0.3530571992,0.9983816061,0.5273541746,0.4925070046,0.5227830832,,0.0780594739,0.1927916121,0.0512820513,1.0,0.1884033707,0.1907472515,0.0700203069,0.3080328906,0.9455782313,0.0445099691,0.0304837004,0.1919530449,0.104834309,,-0.563181363,-1.238353969,1.1563775313,-0.314775777,3.6095575289,2.4542824906,-0.071744499,-0.082928735,0.1423628551,-0.16093197,-0.042859535,,-0.086589783,-0.07081586,-0.01119495,1.4104994286,0.2283811258,0.6379611132,1.7609685594,0.6552541995,6.0,-0.329086335,11.749198463,,1.3811148667,0.4329009379,0.0865656584,0.3205994862,0.2272950132,0.034360858,0.0093350308,0.1463659492,-0.038730447,-0.02776064,-0.059356129,0.0,-0.07197599,,0.2773851335,-0.02249355,0.1169008017,19.75011158,,,,0.2272133498,0.4715361449,0.00714647,66917.20796192,1.12059139,0.00104856,1.22081199,0.00659714,0.0067075,0.01963154,0.02508875,0.01902214,0.2780282,0.64750981,0.0256594,-0.11160871,0.02657929,-0.11833382,0.0385445,0.04721036,0.0258526,-0.41562614,0.47995115,0.03554158,-0.19374091,0.67594938,,,1.0839196826,306,-1.157059489,-0.853124591,-1.329936006,0.310135102
20230831,20230831,66246.0,01,USA,0.014953,2023,8,20230731,20230731,65.574948831,5.3499999046,65.574948831,0.0,0.040669044,-0.039863828,0.0018726127,-0.146964866,,-0.076124582,-0.230547542,-0.178674388,,-0.224783853,,,,0.0679245283,0.3451218004,-0.292038217,-0.099009901,-0.096205962,0.7060853199,1.7892095358,-0.00275343,0.0,0.0005047956,0.0164746914,-0.002110963,0.0185856546,0.1106420082,0.004176036,0.1064659722,0.0022486348,-0.001743839,0.0,0.0618604011,-0.187350616,0.1473085219,0.0122986554,-0.066641376,-0.127592312,-0.109493365,0.0902207333,0.1294112248,-0.039190491,-0.055527511,-0.599603568,-0.057271351,-0.618434093,0.9121783877,0.5424257721,0.5155938952,0.5844302369,,0.0929282731,0.1927916121,0.0512820513,0.0,0.1335456996,0.1461406518,0.0603137738,1.1354466859,0.6350293542,0.004100289,0.0029069767,0.0489292312,0.0283548254,,0.3624250977,-1.366293438,1.2708943119,-0.069719825,1.3713523845,0.6114235955,-0.112636914,-0.046165156,0.1573143837,-0.072850429,0.0131340358,,-0.037079528,-0.043228856,0.0354517141,1.3777819929,0.2323406813,0.655158414,1.4484638239,0.6089683901,5.0,-0.730692261,10.5198642,,1.0734608187,0.464480351,0.0751293116,0.3323067786,0.2411896659,0.0305147017,-0.000365993,0.1658865191,-0.030773947,-0.012321779,-0.046221919,0.0,-0.043004227,,0.2839470722,-0.014370501,0.1417258378,19.354390414,,,,0.2758290655,0.4475656127,0.00655325,72342.63888878,1.05650543,0.00112678,1.14513564,0.00647863,0.00671735,0.01877828,0.03124207,1.1915902,-0.35970783,-3.97070801,0.03278598,1.38917901,0.03253956,0.9183646,0.03853556,0.09981515,0.0317314,1.51630529,0.48744758,0.03403311,0.07185869,0.77089335,,,1.1312117408,307,-0.699270409,-0.644977942,-0.583578526,0.4151884885
20230929,20230930,66246.0,1,USA,-0.071823,2023,9,20230831,20230831,66.555507896,5.4299998283,66.555507896,0.0,0.0226097113,-0.022357909,0.0149532566,0.1382979048,0.0190475908,-0.029038178,-0.005576255,,,-0.117100388,,,,0.0679245283,0.3451218004,-0.292038217,-0.099009901,-0.096205962,0.7060853199,1.7892095358,-0.00275343,0.0,0.0005047956,0.0164746914,-0.002110963,0.0185856546,0.1106420082,0.004176036,0.1064659722,0.0022486348,-0.001743839,0.0,0.0618604011,-0.187350616,0.1473085219,0.0122986554,-0.066641376,-0.127592312,-0.109493365,0.0902207333,0.1294112248,-0.039190491,-0.055527511,-0.599603568,-0.057271351,-0.618434093,0.9121783877,0.5424257721,0.5155938952,0.5844302369,,0.0929282731,0.1927916121,0.0512820513,0.0,0.1335456996,0.1461406518,0.0603137738,1.1354466859,0.6350293542,0.004100289,0.0029069767,0.0489292312,0.0283548254,,0.3624250977,-1.366293438,1.2708943119,-0.069719825,1.3713523845,0.6114235955,-0.112636914,-0.046165156,0.1573143837,-0.072850429,0.0131340358,,-0.037079528,-0.043228856,0.0354517141,1.3777819929,0.2323406813,0.655158414,1.4484638239,0.6089683901,5.0,-0.730692261,10.5198642,,1.0734608187,0.464480351,0.0751293116,0.3274109189,0.2376362303,0.03006513,-0.000360601,0.163442521,-0.030320556,-0.012140242,-0.045540934,0.0,-0.042370648,,0.2797621847,-0.014158705,0.1764513394,19.354080181,,,,0.2974199459,0.488240296,0.00692404,71505.14574439,1.05510754,0.0011114,1.14523501,0.0064924,0.00677867,0.02191069,0.02803677,-0.44083542,0.30382792,-0.68296017,0.029394,-0.43379226,0.02959363,-0.32234704,0.03506136,0.05307863,0.02817604,-0.29505813,0.53255312,0.03279305,0.35193713,0.86190471,,,1.0685026515,308,-0.707620231,-0.650944517,-0.582232187,0.4044363752
20231031,20231031,66246.0,01,USA,0.087302,2023,10,20230929,20230930,61.775279532,5.0399999619,61.775279532,0.0,0.0226097113,-0.02235791,-0.07182318,0.016853871,0.1149897133,-0.047368427,0.1431578449,0.1052631561,,0.2168421447,,,,0.0679245283,0.3451218004,-0.292038217,-0.099009901,-0.096205962,0.7060853199,1.7892095358,-0.00275343,0.0,0.0005047956,0.0164746914,-0.002110963,0.0185856546,0.1106420082,0.004176036,0.1064659722,0.0022486348,-0.001743839,0.0,0.0618604011,-0.187350616,0.1473085219,0.0122986554,-0.066641376,-0.127592312,-0.109493365,0.0902207333,0.1294112248,-0.039190491,-0.055527511,-0.599603568,-0.057271351,-0.618434093,0.9121783877,0.5424257721,0.5155938952,0.5844302369,,0.0929282731,0.1927916121,0.0512820513,0.0,0.1335456996,0.1461406518,0.0603137738,1.1354466859,0.6350293542,0.004100289,0.0029069767,0.0489292312,0.0283548254,,0.3624250977,-1.366293438,1.2708943119,-0.069719825,1.3713523845,0.6114235955,-0.112636914,-0.046165156,0.1573143837,-0.072850429,0.0131340358,,-0.037079528,-0.043228856,0.0354517141,1.3777819929,0.2323406813,0.655158414,1.4484638239,0.6089683901,5.0,-0.730692261,10.5198642,,1.0734608187,0.464480351,0.0751293116,0.3527462792,0.2560247419,0.0323915977,-0.000388505,0.1760898547,-0.032666789,-0.013079666,-0.049064934,0.0,-0.045649328,,0.3014188555,-0.015254745,0.1976443642,19.355685592,,,,0.2982984395,0.5205130812,0.00663928,73024.95282719,1.0590334,0.00112262,1.15833943,0.00647332,0.00680297,0.02288349,0.03185539,-0.46215423,0.35941457,-2.41250966,0.03269018,-0.35775575,0.03434726,-0.41811654,0.03738064,0.05576203,0.03417579,-0.34632336,0.53066527,0.03191781,0.16280853,0.79999997,,,1.1709958239,309,-0.714519401,-0.658453197,-0.582258399,0.4046237782
20231130,20231130,66246.0,01,USA,0.226277,2023,11,20231031,20231031,67.168360234,5.4800000191,67.168360234,0.0,0.0226097113,-0.022357908,0.087301597,-0.057943914,-0.194888215,,-0.128027725,-0.157439496,,-0.046712797,,,,0.0754414125,0.4220904912,0.6341637011,0.0139318885,0.1199677939,0.9104501869,1.8592777086,0.0003950834,0.0,0.0003511853,-0.014354697,-0.006760316,-0.007594381,0.1237928007,0.0006584723,0.1231343284,0.0296312555,-0.02928007,0.0,0.0490781387,-0.077498937,0.1799824407,0.095785777,0.0112735382,-0.054075818,-0.046732328,0.0297190518,0.0633450395,-0.033625988,-0.08309921,-2.16838488,-0.11237928,-2.932416953,0.9203096969,0.5033362599,0.5347800373,0.6030060531,,0.0982440737,0.1927916121,0.0512820513,1.0,0.1242564442,0.1795392314,0.0701742414,-0.267389917,0.3717676982,0.0206752656,0.0150061952,0.0772138334,0.0550944089,,0.1754946386,-0.108179177,1.9202500422,0.2361280992,0.3915076486,0.9908572762,-0.236087992,0.0136436597,0.1935605703,0.0121123386,0.1030119913,,0.0447761194,0.0126865672,0.1525563101,1.4110505451,0.2501212374,0.6602050044,0.9295336732,0.6096567841,5.0,-1.692476266,9.813720253,,1.1370909168,-0.210497572,0.0404273581,0.3391477761,0.2403512598,0.0414183105,0.0080990514,0.1750079942,-0.012997191,0.0151857213,-0.01899704,0.0,-0.021483329,,0.2878942623,0.0042680539,0.1711902416,19.046425101,,,,0.306896505,0.5651691015,0.00646327,60358.10706353,0.78614558,0.0009262,0.7780168,0.00677273,0.00684086,0.01686847,0.0378608,0.41483688,0.14176178,1.64574741,0.03834751,0.54361418,0.03775504,0.30239459,0.060009,0.074074,0.03881585,0.06570532,0.58866899,0.03081849,0.12332518,0.86984125,,,1.9438279156,310,0.3416988629,-0.021812821,0.4763075058,0.6060404177
20231229,20231231,66246.0,01,USA,-0.057857,2023,12,20231130,20231130,82.367037428,6.7199997902,82.367037428,0.0,0.0131426682,-0.013057056,0.2262773365,0.009208139,0.1659575049,0.0438095171,-0.005444692,0.1361161407,,0.0344826803,,,,0.0754414125,0.4220904912,0.6341637011,0.0139318885,0.1199677939,0.9104501869,1.8592777086,0.0003950834,0.0,0.0003511853,-0.014354697,-0.006760316,-0.007594381,0.1237928007,0.0006584723,0.1231343284,0.0296312555,-0.02928007,0.0,0.0490781387,-0.077498937,0.1799824407,0.095785777,0.0112735382,-0.054075818,-0.046732328,0.0297190518,0.0633450395,-0.033625988,-0.08309921,-2.16838488,-0.11237928,-2.932416953,0.9203096969,0.5033362599,0.5347800373,0.6030060531,,0.0982440737,0.1927916121,0.0512820513,1.0,0.1242564442,0.1795392314,0.0701742414,-0.267389917,0.3717676982,0.0206752656,0.0150061952,0.0772138334,0.0550944089,,0.1754946386,-0.108179177,1.9202500422,0.2361280992,0.3915076486,0.9908572762,-0.236087992,0.0136436597,0.1935605703,0.0121123386,0.1030119913,,0.0447761194,0.0126865672,0.1525563101,1.4110505451,0.2501212374,0.6602050044,0.9295336732,0.6096567841,5.0,-1.692476266,9.813720253,,1.1370909168,-0.210497572,0.0404273581,0.2765669461,0.1960007365,0.0337756472,0.0066045838,0.1427148574,-0.0105989,0.0123835946,-0.015491634,0.0,-0.017519144,,0.2351194799,0.0034856638,0.1773477403,19.099366493,,,,0.3296162526,0.6157360599,0.00547669,67738.4489516,1.2558142,0.00101676,1.11258175,0.00663975,0.00671563,0.01463239,0.04078785,1.35325543,-0.35707029,-2.66835708,0.04263775,1.41495254,0.04410204,1.4348034,0.06565209,0.12359548,0.04120096,1.42455822,0.57981945,0.03118176,-0.11777771,1.0,,,2.1052166734,311,0.3289462971,-0.026023191,0.4790834342,0.5968844458
20240131,20240131,66246.0,01,USA,-0.017564,2024,1,20231229,20231231,77.601519906,6.3312001228,77.601519906,0.0,0.0131426682,-0.013057056,-0.057857096,0.3333333063,0.2584268981,0.379876781,0.1789473686,-0.175438613,,,,,,0.0754414125,0.4220904912,0.6341637011,0.0139318885,0.1199677939,0.9104501869,1.8592777086,0.0003950834,0.0,0.0003511853,-0.014354697,-0.006760316,-0.007594381,0.1237928007,0.0006584723,0.1231343284,0.0296312555,-0.02928007,0.0,0.0490781387,-0.077498937,0.1799824407,0.095785777,0.0112735382,-0.054075818,-0.046732328,0.0297190518,0.0633450395,-0.033625988,-0.08309921,-2.16838488,-0.11237928,-2.932416953,0.9203096969,0.5033362599,0.5347800373,0.6030060531,,0.0982440737,0.1927916121,0.0512820513,1.0,0.1242564442,0.1795392314,0.0701742414,-0.267389917,0.3717676982,0.0206752656,0.0150061952,0.0772138334,0.0550944089,,0.1754946386,-0.108179177,1.9202500422,0.2361280992,0.3915076486,0.9908572762,-0.236087992,0.0136436597,0.1935605703,0.0121123386,0.1030119913,,0.0447761194,0.0126865672,0.1525563101,1.4110505451,0.2501212374,0.6602050044,0.9295336732,0.6096567841,5.0,-1.692476266,9.813720253,,1.1370909168,-0.210497572,0.0404273581,0.2935509514,0.2080371624,0.0358498133,0.007010172,0.1514789918,-0.01124978,0.0131440725,-0.016442977,0.0,-0.018594997,,0.2494576787,0.0036982286,0.1719206439,19.084998564,,,,0.3326378395,0.6384476074,0.00544573,87784.13129443,1.11473921,0.0012537,1.00762726,0.00632449,0.00657525,0.01610906,0.03488699,0.38453598,0.59969175,-0.90679991,0.03069309,0.49781904,0.03030633,0.17792936,0.04185957,0.09187279,0.03603568,0.59113793,0.50536863,0.03194078,-0.64292566,0.90188036,,,1.3104920898,312,0.3368240381,-0.021591448,0.4730203832,0.6024851614
20240229,20240229,66246.0,01,USA,0.217042,2024,2,20240131,20240131,76.238537428,6.2199997902,76.238537428,0.0,0.0131426682,-0.013057055,-0.017563863,0.1553284907,0.1834019184,0.011373786,,,,-0.078947335,0.0257426962,,,0.1010674103,0.6823811931,-0.197774406,0.1529605263,0.0439287194,1.2730532787,0.3520886616,0.0040611354,0.0,0.0003056769,0.0379475983,-0.011353712,0.04930131,0.0658951965,0.00069869,0.0651965066,0.0036681223,-0.003362445,0.0,0.1013537118,0.0995417324,0.2422707424,0.11930131,-0.110035625,0.0871113794,0.0665996482,-0.00489083,0.0383406114,-0.043231441,-0.004017467,-0.063756064,-0.007379913,-0.117117117,0.9565823637,0.4659825328,0.6092269669,0.6690625785,,0.086419214,0.1927916121,0.0512820513,2.0,0.1260698144,0.1436676604,0.0424962241,-0.493128795,0.8916905444,0.0260777998,0.0184811238,0.1521925343,0.1079438752,,0.1319944879,-1.749196296,3.0219023329,0.9328625189,1.4487236974,1.7924172263,-0.594348852,0.1269352822,0.2667564189,-0.16093197,0.1313587845,0.9341649342,0.0670305677,0.1152838428,0.1920906696,1.3824328403,0.2505956601,0.6608996507,1.3828973094,0.6241225118,8.0,-3.793970398,10.468771377,12.626958543,0.9222831335,-0.137253751,0.1026542964,0.3003730236,0.2172785649,0.0330410326,0.007083032,0.1745967387,0.0189274355,0.0201341743,-0.000668953,0.0,-0.011516485,,0.2591218935,0.0343846091,0.1718984699,18.601626771,,,,0.2508159544,0.7541259967,0.0063565,91266.6516648,1.07408673,0.0012907,0.98219589,0.00630517,0.00651377,0.01431317,0.02097359,-0.99173249,0.00981498,1.49438379,0.02194951,-0.80215199,0.02214882,-0.76092709,0.02306218,0.03471075,0.02160426,-1.32671263,0.45995506,0.03215882,-0.5831401,0.88603986,,,0.7171266711,313,1.2778499515,0.6148619097,0.9272939894,1.1226290101
20240328,20240331,66246.0,01,USA,0.117569,2024,3,20240229,20240229,92.785492104,7.5700001717,92.785492104,0.0,0.0131426682,-0.013057061,0.217041865,-0.074404765,0.1454880331,0.3234042785,0.1847618588,0.0190475908,,-0.072380975,0.0520538635,,,0.1010674103,0.6823811931,-0.197774406,0.1529605263,0.0439287194,1.2730532787,0.3520886616,0.0040611354,0.0,0.0003056769,0.0379475983,-0.011353712,0.04930131,0.0658951965,0.00069869,0.0651965066,0.0036681223,-0.003362445,0.0,0.1013537118,0.0995417324,0.2422707424,0.11930131,-0.110035625,0.0871113794,0.0665996482,-0.00489083,0.0383406114,-0.043231441,-0.004017467,-0.063756064,-0.007379913,-0.117117117,0.9565823637,0.4659825328,0.6092269669,0.6690625785,,0.086419214,0.1927916121,0.0512820513,2.0,0.1260698144,0.1436676604,0.0424962241,-0.493128795,0.8916905444,0.0260777998,0.0184811238,0.1521925343,0.1079438752,,0.1319944879,-1.749196296,3.0219023329,0.9328625189,1.4487236974,1.7924172263,-0.594348852,0.1269352822,0.2667564189,-0.16093197,0.1313587845,0.9341649342,0.0670305677,0.1152838428,0.1920906696,1.3824328403,0.2505956601,0.6608996507,1.3828973094,0.6241225118,8.0,-3.793970398,10.468771377,12.626958543,0.9222831335,-0.137253751,0.1026542964,0.2468058258,0.1785300657,0.0271486408,0.0058198754,0.1434599278,0.0155520003,0.0165435346,-0.000549655,0.0,-0.009462686,,0.2131786241,0.0282880909,0.1852544296,18.732116086,,,,0.2525763499,0.7555522487,0.00479891,125340.33733057,1.06849175,0.00165632,0.95366732,0.00591507,0.00630927,0.01309822,0.03085467,1.16125413,-0.44157306,4.27285302,0.03165534,1.13244873,0.0315832,0.80567428,0.04988365,0.09668111,0.03128085,1.00742406,0.37363607,0.03294746,-0.17744251,0.94506866,,,1.5135778897,314,1.2796278869,0.6134148577,0.9269538086,1.1179378309
20240430,20240430,66246.0,1,USA,0.006088,2024,4,20240328,20240331,106.25760048,8.4600000381,106.25760048,0.0,0.0381881303,-0.037477017,0.1175693348,0.1956659087,0.5019841712,0.4176029899,0.554414844,0.1149897133,,0.2854210138,0.0367946199,,,0.1010674103,0.6823811931,-0.197774406,0.1529605263,0.0439287194,1.2730532787,0.3520886616,0.0040611354,0.0,0.0003056769,0.0379475983,-0.011353712,0.04930131,0.0658951965,0.00069869,0.0651965066,0.0036681223,-0.003362445,0.0,0.1013537118,0.0995417324,0.2422707424,0.11930131,-0.110035625,0.0871113794,0.0665996482,-0.00489083,0.0383406114,-0.043231441,-0.004017467,-0.063756064,-0.007379913,-0.117117117,0.9565823637,0.4659825328,0.6092269669,0.6690625785,,0.086419214,0.1927916121,0.0512820513,2.0,0.1260698144,0.1436676604,0.0424962241,-0.493128795,0.8916905444,0.0260777998,0.0184811238,0.1521925343,0.1079438752,,0.1319944879,-1.749196296,3.0219023329,0.9328625189,1.4487236974,1.7924172263,-0.594348852,0.1269352822,0.2667564189,-0.16093197,0.1313587845,0.9341649342,0.0670305677,0.1152838428,0.1920906696,1.3824328403,0.2505956601,0.6608996507,1.3828973094,0.6241225118,8.0,-3.793970398,10.468771377,12.626958543,0.9222831335,-0.137253751,0.1026542964,0.2155139952,0.1558947306,0.0237065395,0.0050819894,0.1252710389,0.013580205,0.0144460254,-0.000479966,0.0,-0.008262938,,0.1862869569,0.0247196565,0.1982625701,18.808342764,,,,0.2135828427,0.7801056862,0.00498227,158737.79621343,0.92028712,0.00192961,0.83525452,0.00566187,0.00615283,0.01525326,0.02443324,0.36691328,0.01279766,-0.36283188,0.0242267,-0.03845779,0.02067614,-0.41160248,0.03750671,0.05944521,0.02482469,0.40934277,0.29900975,0.03340208,-0.20736765,0.96136362,,,1.1221485586,315,1.2689540192,0.6086872411,0.9261936172,1.1057650935
20240531,20240531,66246.0,01,USA,0.160782,2024,5,20240430,20240430,106.9044445,8.5115003586,106.9044445,0.0,0.0247205678,-0.024419958,0.0060875085,0.3601286675,0.5437956274,0.581308452,0.351437657,-0.194888215,,-0.249201342,0.0600026973,,,0.1384864659,0.4255741127,-0.086073501,0.4190938511,-0.035803497,1.4065198238,0.1954459203,0.0108413562,0.0,0.0002511511,0.0180828799,-0.000334868,0.018417748,0.0761406446,0.001046463,0.0750941817,0.0028045207,-0.00255337,0.0,0.1203850984,0.0730760782,0.2280033487,0.1434491419,0.1314707373,0.0652284121,0.0485432171,0.0302637087,0.0719129343,-0.041649226,-0.039598158,-0.816925734,-0.042151528,-0.869602763,0.9590163934,0.4678107995,0.6086820876,0.6642832823,,0.0959815823,0.3576896312,0.0487804878,3.0,0.1064620663,0.1588353031,0.0506975086,-0.386164339,0.1008158508,0.021068518,0.0152401747,-0.023441451,-0.015243526,,-0.521072554,0.0161035441,1.2329874915,0.8050306482,-0.573550595,-0.533296338,-0.537668316,0.1182329394,0.2595787266,0.156886469,0.1633149066,0.926597582,0.0880703223,0.1038509837,0.174660105,1.3456880527,0.2597479242,0.666377522,1.2061633179,0.6495425086,8.0,-3.864258343,13.924501951,10.040939826,1.0100826862,-0.027537422,0.0848143371,0.2234705967,0.1660641902,0.0216642069,0.0002151454,0.1277495998,0.0108321034,0.0196811275,0.0020017877,0.0,-0.016070426,,0.1922705634,0.0232026493,0.1645423385,18.68909083,,0.194186726,0.5623451581,0.2488041856,0.7391651484,0.00435476,214370.59598726,0.94655917,0.00233892,0.82487606,0.00532101,0.00606745,0.01518601,0.02561509,-0.16985785,-0.23276544,-1.7627646,0.02512523,-0.17226027,0.02567821,-0.68357234,0.03351873,0.04696459,0.02561586,-0.16967942,0.18568701,0.03229361,-0.04738327,0.89594741,,,1.0371445517,316,1.3891422795,0.7121601393,0.9829544758,1.1685172601
20240628,20240630,66246.0,01,USA,-0.002024,2024,6,20240531,20240531,125.87120146,9.8800001144,125.87120146,0.0,0.0394060537,-0.038649433,0.1607824415,0.1243725477,0.2665923525,0.567495518,0.8109576138,0.1659575049,,0.1361702979,0.0622401649,,,0.1384864659,0.4255741127,-0.086073501,0.4190938511,-0.035803497,1.4065198238,0.1954459203,0.0108413562,0.0,0.0002511511,0.0180828799,-0.000334868,0.018417748,0.0761406446,0.001046463,0.0750941817,0.0028045207,-0.00255337,0.0,0.1203850984,0.0730760782,0.2280033487,0.1434491419,0.1314707373,0.0652284121,0.0485432171,0.0302637087,0.0719129343,-0.041649226,-0.039598158,-0.816925734,-0.042151528,-0.869602763,0.9590163934,0.4678107995,0.6086820876,0.6642832823,,0.0959815823,0.3576896312,0.0487804878,3.0,0.1064620663,0.1588353031,0.0506975086,-0.386164339,0.1008158508,0.021068518,0.0152401747,-0.023441451,-0.015243526,,-0.521072554,0.0161035441,1.2329874915,0.8050306482,-0.573550595,-0.533296338,-0.537668316,0.1182329394,0.2595787266,0.156886469,0.1633149066,0.926597582,0.0880703223,0.1038509837,0.174660105,1.3456880527,0.2597479242,0.666377522,1.2061633179,0.6495425086,8.0,-3.864258343,13.924501951,10.040939826,1.0100826862,-0.027537422,0.0848143371,0.1897971873,0.141040999,0.0183997608,0.0001827265,0.1084997985,0.0091998804,0.0167154995,0.0017001506,0.0,-0.013648873,,0.1633037881,0.0197070236,0.2139217122,18.786167769,,0.4917561733,0.3346439814,0.2329835503,0.783678665,0.0028665,323984.64245724,1.24747367,0.00314653,1.12990683,0.00470835,0.00560415,0.01708991,0.04703571,0.09259941,-0.28513187,-0.20318955,0.04926412,0.13248072,0.05013091,-0.03835386,0.07370789,0.11957954,0.04751346,0.33780351,0.12199275,0.03263786,0.58670321,0.94455068,,,2.2541099534,317,1.38503847,0.699799356,0.9765524864,1.1626120334
20240731,20240731,66246.0,1,USA,0.114604,2024,7,20240628,20240630,125.61639563,9.8599996567,125.61639563,0.0,0.0394060537,-0.038649439,-0.002024338,0.1678487145,0.5605256457,0.9603175114,0.8501872513,0.2584268981,,0.0018726127,0.0618858967,,,0.1384864659,0.4255741127,-0.086073501,0.4190938511,-0.035803497,1.4065198238,0.1954459203,0.0108413562,0.0,0.0002511511,0.0180828799,-0.000334868,0.018417748,0.0761406446,0.001046463,0.0750941817,0.0028045207,-0.00255337,0.0,0.1203850984,0.0730760782,0.2280033487,0.1434491419,0.1314707373,0.0652284121,0.0485432171,0.0302637087,0.0719129343,-0.041649226,-0.039598158,-0.816925734,-0.042151528,-0.869602763,0.9590163934,0.4678107995,0.6086820876,0.6642832823,,0.0959815823,0.3576896312,0.0487804878,3.0,0.1064620663,0.1588353031,0.0506975086,-0.386164339,0.1008158508,0.021068518,0.0152401747,-0.023441451,-0.015243526,,-0.521072554,0.0161035441,1.2329874915,0.8050306482,-0.573550595,-0.533296338,-0.537668316,0.1182329394,0.2595787266,0.156886469,0.1633149066,0.926597582,0.0880703223,0.1038509837,0.174660105,1.3456880527,0.2597479242,0.666377522,1.2061633179,0.6495425086,8.0,-3.864258343,13.924501951,10.040939826,1.0100826862,-0.027537422,0.0848143371,0.1901821803,0.1413270928,0.0184370837,0.0001830971,0.1087198843,0.0092185418,0.0167494059,0.0017035993,0.0,-0.013676559,,0.1636349801,0.0197469909,0.1904711813,18.785057874,,0.532405334,0.7644053076,0.2331970375,0.785611012,0.00286886,422614.95133441,1.24878187,0.00382062,1.14658806,0.00427083,0.00518835,0.01070163,0.04345361,1.9104802,-0.1519015,-2.80456276,0.04313182,2.03363038,0.04003604,1.61949873,0.05186948,0.14124294,0.04346035,1.91636688,0.09922192,0.03397247,0.37651658,0.94263859,,,1.5227363253,318,1.3817116229,0.6890157126,0.9747036057,1.1694317593
20240830,20240831,66246.0,01,USA,0.135578,2024,8,20240731,20240731,142.41940703,10.989999771,142.41940703,0.0,0.0572733948,-0.055693314,0.1146044806,0.1584326256,0.585209008,0.7992700202,0.8429906394,0.1834019184,,0.0149532566,0.0709450988,,,0.3170575008,0.4905313477,0.0629779577,0.4597069597,-0.298298514,1.7664221123,1.269932757,0.0087456446,0.0,-0.000383275,0.006097561,-0.004529617,0.0106271777,0.1206968641,0.0008710801,0.119825784,0.0437979094,-0.044181185,0.0,0.2024041812,0.1927346737,0.2645993031,0.2103832753,0.1314707373,0.1511213873,0.139777251,0.0587456446,0.0885017422,-0.029756098,-0.043728223,-0.384026928,-0.087909408,-0.772031824,1.025974026,0.3982926829,0.6422530748,0.7252314711,,0.1844947735,0.3576896312,0.0487804878,4.0,0.1718140517,0.2289477307,0.0792418451,-0.247452229,0.7651107121,0.1222891906,0.090874843,0.1181889015,0.0879678663,,0.3262060777,0.5590745683,1.3608776207,0.8922601062,2.5141188545,1.1645019069,-0.432372664,0.2194942866,0.3484924969,0.156886469,0.2770868707,0.9746022032,0.1575958188,0.1666550523,0.1946753471,1.3271676301,0.2909807469,0.7018429965,1.0007991851,0.8058028544,7.0,-4.547491408,15.425309943,32.991313843,0.8101768045,-0.033483737,0.0977560787,0.2015174799,0.1518402615,0.0228760958,-0.014302826,0.1138468439,0.022946311,0.0317583123,0.0151664724,0.0,-0.017834648,,0.1592578477,0.0340712209,0.2454124746,18.390391646,,0.451248934,0.8830148979,0.2018468425,0.8764193824,0.00288231,552882.33495382,1.05791706,0.00465339,1.00243135,0.00381278,0.00485178,0.01367684,0.03330093,1.42744826,0.18646599,3.27148465,0.03471366,1.1335386,0.0354632,1.17869701,0.05687038,0.12004171,0.03661715,1.5010576,0.06618157,0.03418929,0.28286208,0.93931624,,,1.6507217798,319,1.661849798,1.3170544241,1.4138148782,1.2023872935
20240930,20240930,66246.0,01,USA,0.28766,2024,9,20240830,20240831,161.72831407,12.479999542,161.72831407,0.0,0.0572733948,-0.055693311,0.135577783,0.1123481445,0.4517833065,0.6354166929,1.0239411135,0.1454880331,,-0.07182318,0.0897997318,,,0.3170575008,0.4905313477,0.0629779577,0.4597069597,-0.298298514,1.7664221123,1.269932757,0.0087456446,0.0,-0.000383275,0.006097561,-0.004529617,0.0106271777,0.1206968641,0.0008710801,0.119825784,0.0437979094,-0.044181185,0.0,0.2024041812,0.1927346737,0.2645993031,0.2103832753,0.1314707373,0.1511213873,0.139777251,0.0587456446,0.0885017422,-0.029756098,-0.043728223,-0.384026928,-0.087909408,-0.772031824,1.025974026,0.3982926829,0.6422530748,0.7252314711,,0.1844947735,0.3576896312,0.0487804878,4.0,0.1718140517,0.2289477307,0.0792418451,-0.247452229,0.7651107121,0.1222891906,0.090874843,0.1181889015,0.0879678663,,0.3262060777,0.5590745683,1.3608776207,0.8922601062,2.5141188545,1.1645019069,-0.432372664,0.2194942866,0.3484924969,0.156886469,0.2770868707,0.9746022032,0.1575958188,0.1666550523,0.1946753471,1.3271676301,0.2909807469,0.7018429965,1.0007991851,0.8058028544,7.0,-4.547491408,15.425309943,32.991313843,0.8101768045,-0.033483737,0.0977560787,0.1774581041,0.133711899,0.0201448956,-0.012595197,0.100254554,0.0202067277,0.0279666552,0.0133557319,0.0,-0.015705351,,0.1400013528,0.0299515351,0.2420946786,18.502970408,,0.487467296,0.8498800549,0.2023713385,0.8770494934,0.00245332,690507.31553475,0.97844838,0.00539694,0.92464597,0.00342932,0.00448662,0.01163084,0.03000539,0.42025269,-0.75743239,0.5402538,0.03139629,0.4089759,0.0322369,0.48117691,0.05036062,0.05887523,0.03004418,0.42582847,0.05227898,0.03442916,0.58634215,0.97959182,,,1.4552649799,320,1.6605970071,1.3145114075,1.408683466,1.2002358938
20241031,20241031,66246.0,01,USA,-0.001867,2024,10,20240930,20240930,208.25112605,16.069999695,208.25112605,0.0,0.0572733948,-0.05569332,0.2876602709,0.2657200849,0.4751772595,0.9711902037,1.4761904331,0.5019841712,,0.087301597,0.1080141567,,,0.3170575008,0.4905313477,0.0629779577,0.4597069597,-0.298298514,1.7664221123,1.269932757,0.0087456446,0.0,-0.000383275,0.006097561,-0.004529617,0.0106271777,0.1206968641,0.0008710801,0.119825784,0.0437979094,-0.044181185,0.0,0.2024041812,0.1927346737,0.2645993031,0.2103832753,0.1314707373,0.1511213873,0.139777251,0.0587456446,0.0885017422,-0.029756098,-0.043728223,-0.384026928,-0.087909408,-0.772031824,1.025974026,0.3982926829,0.6422530748,0.7252314711,,0.1844947735,0.3576896312,0.0487804878,4.0,0.1718140517,0.2289477307,0.0792418451,-0.247452229,0.7651107121,0.1222891906,0.090874843,0.1181889015,0.0879678663,,0.3262060777,0.5590745683,1.3608776207,0.8922601062,2.5141188545,1.1645019069,-0.432372664,0.2194942866,0.3484924969,0.156886469,0.2770868707,0.9746022032,0.1575958188,0.1666550523,0.1946753471,1.3271676301,0.2909807469,0.7018429965,1.0007991851,0.8058028544,7.0,-4.547491408,15.425309943,32.991313843,0.8101768045,-0.033483737,0.0977560787,0.1378143809,0.1038409751,0.0156445733,-0.00978146,0.0778579223,0.0156925922,0.0217189702,0.0103720928,0.0,-0.012196813,,0.1084164331,0.0231943373,0.2591760524,18.688471533,,0.5532325139,0.7888206772,0.2028036563,0.8807487364,0.00095527,1271816.14487255,1.21036244,0.0083762,1.03218278,0.00244967,0.00366979,0.02171687,0.04140627,0.11406983,0.12493083,-0.22189925,0.04265697,0.10223605,0.03927325,0.02251621,0.06259413,0.07707772,0.04250644,-0.32092406,0.04018712,0.03499988,0.65586646,1.0,,,1.7719784206,321,1.6594437485,1.3116538599,1.4081088461,1.2063751996
20241129,20241130,66246.0,01,USA,-0.236284,2024,11,20241031,20241031,217.35805241,16.040000916,217.35805241,0.0,0.105572326,-0.100363136,-0.001866757,0.4622383957,0.8880337282,1.5836013308,1.9324817077,0.5437956274,,0.2262773365,0.0872737846,,,0.4128621598,0.625095704,0.1180313589,0.1709923664,-0.362213919,1.8439779664,-0.180918953,0.0034798819,0.0,0.1968929626,0.0260369737,0.0074879602,0.0185490135,0.0826161255,0.0008078297,0.0818082958,-0.001584589,0.1984775517,0.0,0.2870591891,0.2585981259,0.3102687587,0.2417585832,0.1314707373,0.2008824804,0.2173913043,0.0783594842,0.1286624204,-0.050302936,-0.033276371,-0.210041185,0.1652011807,1.0427534811,0.9975417032,0.3850551499,0.6950968798,0.840653054,,0.2530992698,0.3576896312,0.0487804878,5.0,0.1417910448,0.1724319579,0.0582734467,0.8270462633,0.8927688504,0.0997919075,0.0751916376,0.079116642,0.0601854424,,0.7292032835,-0.013222698,1.703276948,0.9646120026,1.9876474577,0.8126599816,-0.515393638,0.2945566286,0.4383669886,0.156886469,0.341571554,0.9852912336,0.19170421,0.2084822122,0.1469280906,1.2679746287,0.3097531343,0.7311988193,1.0205459896,0.9121927129,8.0,-5.784260039,19.678972567,57.769428645,0.4821854432,1.0068653108,0.1063803721,0.1480736492,0.1167796625,0.0125645219,-0.024912811,0.0878872431,0.0234589883,0.0283863419,0.0165763355,0.0,-0.019051514,,0.1072174801,0.0316594478,0.2815517936,18.403945784,,0.5953954415,0.9116108901,0.178322771,0.9114920589,0.00145088,1930832.13413931,0.97102574,0.01118085,0.84501838,0.00195749,0.00307529,0.01212407,0.04723268,1.32559749,-0.49674338,-2.53070326,0.04891596,1.16214048,0.04520872,0.79026662,0.0657318,0.15570942,0.04819901,1.45337351,0.02923996,0.03603221,0.90379051,0.89111116,,,1.8079102916,322,1.7168777014,1.4546843405,1.6582425732,1.3234459278
20241231,20241231,66246.0,01,USA,-0.168163,2024,12,20241129,20241130,167.34725,12.25,167.34725,0.0,0.1145467896,-0.108447851,-0.23628433,0.2852565225,0.6234818526,1.1188904424,1.3869049771,0.2665923525,,-0.057857096,0.071053127,,,0.4128621598,0.625095704,0.1180313589,0.1709923664,-0.362213919,1.8439779664,-0.180918953,0.0034798819,0.0,0.1968929626,0.0260369737,0.0074879602,0.0185490135,0.0826161255,0.0008078297,0.0818082958,-0.001584589,0.1984775517,0.0,0.2870591891,0.2585981259,0.3102687587,0.2417585832,0.1314707373,0.2008824804,0.2173913043,0.0783594842,0.1286624204,-0.050302936,-0.033276371,-0.210041185,0.1652011807,1.0427534811,0.9975417032,0.3850551499,0.6950968798,0.840653054,,0.2530992698,0.3576896312,0.0487804878,5.0,0.1417910448,0.1724319579,0.0582734467,0.8270462633,0.8927688504,0.0997919075,0.0751916376,0.079116642,0.0601854424,,0.7292032835,-0.013222698,1.703276948,0.9646120026,1.9876474577,0.8126599816,-0.515393638,0.2945566286,0.4383669886,0.156886469,0.341571554,0.9852912336,0.19170421,0.2084822122,0.1469280906,1.2679746287,0.3097531343,0.7311988193,1.0205459896,0.9121927129,8.0,-5.784260039,19.678972567,57.769428645,0.4821854432,1.0068653108,0.1063803721,0.1923246423,0.1516786204,0.0163193599,-0.032357867,0.1141518609,0.0304695775,0.0368694436,0.0215300819,0.0,-0.024744954,,0.1403302925,0.0414370825,0.233472369,18.126203443,,0.6059716075,0.7551698071,0.1776332091,0.9082800981,0.00121958,2481692.18206109,0.85136621,0.01414687,0.78705032,0.00165298,0.00260835,0.01967167,0.05474488,-0.68214441,-0.46503275,-1.65170794,0.05473402,-0.53465779,0.05580594,-0.26690461,0.05339156,0.08846492,0.05477013,-0.69857058,0.02125683,0.03757827,0.73038035,0.68055556,,,1.4089515231,323,1.7158152662,1.4599015422,1.6601504874,1.3380144791
